{
    "farClipRatio": 20.0,
    "fov": 45.0,
    "nearClipRatio": 0.005,
    "projectionMode": "Perspective",
    "viewMat": [
        0.81891143321991,
        -2.79396772384644e-09,
        -0.573920369148254,
        0.0,
        -0.354628950357437,
        0.786252081394196,
        -0.506010115146637,
        0.0,
        0.451246023178101,
        0.617906153202057,
        0.643870532512665,
        -5.20768594741821,
        0.0,
        0.0,
        0.0,
        1.0
    ],
    "windowHeight": 1221,
    "windowWidth": 1276
}