{
    "farClipRatio": 20.0,
    "fov": 45.0,
    "nearClipRatio": 0.005,
    "projectionMode": "Perspective",
    "viewMat": [
        0.99740195274353,
        5.82076609134674e-11,
        -0.0720378905534744,
        -0.00376175879500806,
        -0.0426335670053959,
        0.806069314479828,
        -0.590284049510956,
        0.212285220623016,
        0.058067511767149,
        0.591821849346161,
        0.803975522518158,
        -3.20666170120239,
        0.0,
        0.0,
        0.0,
        1.0
    ],
    "windowHeight": 1221,
    "windowWidth": 1276
}